{
    "rmse": 3.1618791733502993,
    "mae": 1.4580610902412445,
    "r2_score": 0.8998251213599434
}